<?xml version="1.0" encoding="UTF-8"?>
<project-private xmlns="http://www.netbeans.org/ns/project-private/1">
    <editor-bookmarks xmlns="http://www.netbeans.org/ns/editor-bookmarks/2" lastBookmarkId="0"/>
    <open-files xmlns="http://www.netbeans.org/ns/projectui-open-files/2">
        <group>
            <file>file:/Users/ignaciomarinreyes/Google%20Drive/Ingenieria_informatica/3.1/Programacion%203/%23Otros/Workspace/PartitionProblem/Java/PartitionProblemBacktrackingIterator/src/partitionproblembacktrackingiterator/PartitionProblemBacktrackingIterator.java</file>
            <file>file:/Users/ignaciomarinreyes/Google%20Drive/Ingenieria_informatica/3.1/Programacion%203/%23Otros/Workspace/PartitionProblem/Java/PartitionProblemBacktrackingIterator/src/partitionproblembacktrackingiterator/IteratorCombinaciones.java</file>
        </group>
    </open-files>
</project-private>
